{
  "users": {
    "6281329580526@s.whatsapp.net": {
      "afkTime": -1,
      "afkReason": "",
      "limit": 100
    },
    "6289658675858@s.whatsapp.net": {
      "afkTime": -1,
      "afkReason": "",
      "limit": 100
    },
    "62859180658541@s.whatsapp.net": {
      "afkTime": -1,
      "afkReason": "",
      "limit": 100
    },
    "6282253369400@s.whatsapp.net": {
      "afkTime": -1,
      "afkReason": "",
      "limit": 100
    },
    "6283137499954@s.whatsapp.net": {
      "afkTime": -1,
      "afkReason": "",
      "limit": 100
    },
    "6281399218835@s.whatsapp.net": {
      "afkTime": -1,
      "afkReason": "",
      "limit": 100
    },
    "6285280975400@s.whatsapp.net": {
      "afkTime": -1,
      "afkReason": "",
      "limit": 100
    },
    "6285624072513@s.whatsapp.net": {
      "afkTime": -1,
      "afkReason": "",
      "limit": 100
    },
    "6281268137150@s.whatsapp.net": {
      "afkTime": -1,
      "afkReason": "",
      "limit": 100
    },
    "6287739893367@s.whatsapp.net": {
      "afkTime": -1,
      "afkReason": "",
      "limit": 100
    },
    "6281938830020@s.whatsapp.net": {
      "afkTime": -1,
      "afkReason": "",
      "limit": 100
    },
    "62831265874952@s.whatsapp.net": {
      "afkTime": -1,
      "afkReason": "",
      "limit": 100
    },
    "6285691464024@s.whatsapp.net": {
      "afkTime": -1,
      "afkReason": "",
      "limit": 100
    },
    "6287736082262@s.whatsapp.net": {
      "afkTime": -1,
      "afkReason": "",
      "limit": 100
    },
    "6289675850011@s.whatsapp.net": {
      "afkTime": -1,
      "afkReason": "",
      "limit": 100
    },
    "6281998199848@s.whatsapp.net": {
      "afkTime": -1,
      "afkReason": "",
      "limit": 100
    },
    "6281998885279@s.whatsapp.net": {
      "afkTime": -1,
      "afkReason": "",
      "limit": 100
    },
    "6281523772093@s.whatsapp.net": {
      "afkTime": -1,
      "afkReason": "",
      "limit": 100
    },
    "6285182236595@s.whatsapp.net": {
      "afkTime": -1,
      "afkReason": "",
      "limit": 100
    },
    "6283103753882@s.whatsapp.net": {
      "afkTime": -1,
      "afkReason": "",
      "limit": 100
    },
    "6287745690302@s.whatsapp.net": {
      "afkTime": -1,
      "afkReason": "",
      "limit": 100
    },
    "6285722413619@s.whatsapp.net": {
      "afkTime": -1,
      "afkReason": "",
      "limit": 100
    },
    "62882020965435@s.whatsapp.net": {
      "afkTime": -1,
      "afkReason": "",
      "limit": 100
    },
    "6282181966095@s.whatsapp.net": {
      "afkTime": -1,
      "afkReason": "",
      "limit": 100
    },
    "6281377246146@s.whatsapp.net": {
      "afkTime": -1,
      "afkReason": "",
      "limit": 100
    },
    "6287784720840@s.whatsapp.net": {
      "afkTime": -1,
      "afkReason": "",
      "limit": 100
    },
    "6283876473696@s.whatsapp.net": {
      "afkTime": -1,
      "afkReason": "",
      "limit": 100
    },
    "6282390618571@s.whatsapp.net": {
      "afkTime": -1,
      "afkReason": "",
      "limit": 100
    },
    "6283194561177@s.whatsapp.net": {
      "afkTime": -1,
      "afkReason": "",
      "limit": 100
    },
    "6283877118785@s.whatsapp.net": {
      "afkTime": -1,
      "afkReason": "",
      "limit": 100
    },
    "6285210944922@s.whatsapp.net": {
      "afkTime": -1,
      "afkReason": "",
      "limit": 100
    },
    "6285975976806@s.whatsapp.net": {
      "afkTime": -1,
      "afkReason": "",
      "limit": 100
    },
    "6281392861978@s.whatsapp.net": {
      "afkTime": -1,
      "afkReason": "",
      "limit": 100
    },
    "6287864577269@s.whatsapp.net": {
      "afkTime": -1,
      "afkReason": "",
      "limit": 100
    },
    "6288809616937@s.whatsapp.net": {
      "afkTime": -1,
      "afkReason": "",
      "limit": 100
    },
    "628816252946@s.whatsapp.net": {
      "afkTime": -1,
      "afkReason": "",
      "limit": 100
    },
    "62881027143352@s.whatsapp.net": {
      "afkTime": -1,
      "afkReason": "",
      "limit": 100
    },
    "62819981998481@s.whatsapp.net": {
      "afkTime": -1,
      "afkReason": "",
      "limit": 100
    },
    "6289630372131@s.whatsapp.net": {
      "afkTime": -1,
      "afkReason": "",
      "limit": 100
    },
    "6281343728979@s.whatsapp.net": {
      "afkTime": -1,
      "afkReason": "",
      "limit": 100
    },
    "6283896302781@s.whatsapp.net": {
      "afkTime": -1,
      "afkReason": "",
      "limit": 100
    },
    "6285864760119@s.whatsapp.net": {
      "afkTime": -1,
      "afkReason": "",
      "limit": 100
    },
    "6289509419214@s.whatsapp.net": {
      "afkTime": -1,
      "afkReason": "",
      "limit": 100
    },
    "6288216411188@s.whatsapp.net": {
      "afkTime": -1,
      "afkReason": "",
      "limit": 100
    },
    "62895402466525@s.whatsapp.net": {
      "afkTime": -1,
      "afkReason": "",
      "limit": 100
    },
    "6283137604850@s.whatsapp.net": {
      "afkTime": -1,
      "afkReason": "",
      "limit": 100
    },
    "6285892978341@s.whatsapp.net": {
      "afkTime": -1,
      "afkReason": "",
      "limit": 100
    },
    "6285725442263@s.whatsapp.net": {
      "afkTime": -1,
      "afkReason": "",
      "limit": 100
    },
    "6283847546831@s.whatsapp.net": {
      "afkTime": -1,
      "afkReason": "",
      "limit": 100
    },
    "6288706803304@s.whatsapp.net": {
      "afkTime": -1,
      "afkReason": "",
      "limit": 100
    },
    "6285291191131@s.whatsapp.net": {
      "afkTime": -1,
      "afkReason": "",
      "limit": 100
    },
    "6285947606723@s.whatsapp.net": {
      "afkTime": -1,
      "afkReason": "",
      "limit": 100
    },
    "6289504606511@s.whatsapp.net": {
      "afkTime": -1,
      "afkReason": "",
      "limit": 100
    },
    "6288215564423@s.whatsapp.net": {
      "afkTime": -1,
      "afkReason": "",
      "limit": 100
    },
    "6285766614165@s.whatsapp.net": {
      "afkTime": -1,
      "afkReason": "",
      "limit": 100
    },
    "6287841791262@s.whatsapp.net": {
      "afkTime": -1,
      "afkReason": "",
      "limit": 100
    },
    "6285856382245@s.whatsapp.net": {
      "afkTime": -1,
      "afkReason": "",
      "limit": 100
    },
    "60103929146@s.whatsapp.net": {
      "afkTime": -1,
      "afkReason": "",
      "limit": 100
    },
    "6281228195045@s.whatsapp.net": {
      "afkTime": -1,
      "afkReason": "",
      "limit": 100
    },
    "6281515910743@s.whatsapp.net": {
      "afkTime": -1,
      "afkReason": "",
      "limit": 100
    },
    "6285212595618@s.whatsapp.net": {
      "afkTime": -1,
      "afkReason": "",
      "limit": 100
    },
    "6285737015399@s.whatsapp.net": {
      "afkTime": -1,
      "afkReason": "",
      "limit": 100
    },
    "6282140825469@s.whatsapp.net": {
      "afkTime": -1,
      "afkReason": "",
      "limit": 100
    },
    "62882005073263@s.whatsapp.net": {
      "afkTime": -1,
      "afkReason": "",
      "limit": 100
    },
    "6281933058467@s.whatsapp.net": {
      "afkTime": -1,
      "afkReason": "",
      "limit": 100
    },
    "6283878778429@s.whatsapp.net": {
      "afkTime": -1,
      "afkReason": "",
      "limit": 100
    },
    "6287877804961@s.whatsapp.net": {
      "afkTime": -1,
      "afkReason": "",
      "limit": 100
    }
  },
  "chats": {
    "6281329580526@s.whatsapp.net": {
      "mute": false,
      "antilink": false
    },
    "6289658675858@s.whatsapp.net": {
      "mute": false,
      "antilink": false
    },
    "62859180658541@s.whatsapp.net": {
      "mute": false,
      "antilink": false
    },
    "120363160655518520@g.us": {
      "mute": false,
      "antilink": false
    },
    "6283137499954@s.whatsapp.net": {
      "mute": false,
      "antilink": false
    },
    "6282253369400@s.whatsapp.net": {
      "mute": false,
      "antilink": false
    },
    "120363144741260028@g.us": {
      "mute": false,
      "antilink": false
    },
    "120363162522053899@g.us": {
      "mute": false,
      "antilink": false
    },
    "120363069223819851@g.us": {
      "mute": false,
      "antilink": false
    },
    "6287739893367@s.whatsapp.net": {
      "mute": false,
      "antilink": false
    },
    "6281938830020@s.whatsapp.net": {
      "mute": false,
      "antilink": false
    },
    "120363150488596140@g.us": {
      "mute": false,
      "antilink": false
    },
    "120363252255392469@g.us": {
      "mute": false,
      "antilink": false
    },
    "6282181966095@s.whatsapp.net": {
      "mute": false,
      "antilink": false
    },
    "6287864577269@s.whatsapp.net": {
      "mute": false,
      "antilink": false
    },
    "62882020965435@s.whatsapp.net": {
      "mute": false,
      "antilink": false
    },
    "6283194561177@s.whatsapp.net": {
      "mute": false,
      "antilink": false
    },
    "628816252946@s.whatsapp.net": {
      "mute": false,
      "antilink": false
    },
    "120363251827887103@g.us": {
      "mute": false,
      "antilink": false
    },
    "6281343728979@s.whatsapp.net": {
      "mute": false,
      "antilink": false
    },
    "120363265294706833@g.us": {
      "mute": false,
      "antilink": false
    },
    "120363258024945939@g.us": {
      "mute": false,
      "antilink": false
    },
    "6288216411188@s.whatsapp.net": {
      "mute": false,
      "antilink": false
    },
    "120363227066741434@g.us": {
      "mute": false,
      "antilink": false
    },
    "6285947606723@s.whatsapp.net": {
      "mute": false,
      "antilink": false
    },
    "6285856382245@s.whatsapp.net": {
      "mute": false,
      "antilink": false
    },
    "120363155352528511@g.us": {
      "mute": false,
      "antilink": false
    },
    "6283878778429@s.whatsapp.net": {
      "mute": false,
      "antilink": false
    }
  },
  "database": {},
  "game": {
    "tebaklagu": [],
    "family100": [],
    "math": [],
    "tebakgambar": [],
    "tebakkata": [],
    "lontong": [],
    "lontong_desk": [],
    "kalimat": [],
    "lirik": [],
    "tebakan": []
  },
  "settings": {
    "6281329580526@s.whatsapp.net": {
      "anticall": true,
      "status": 0,
      "autobio": false
    },
    "62859180658541@s.whatsapp.net": {
      "anticall": true,
      "status": 0,
      "autobio": false
    },
    "6287739893367@s.whatsapp.net": {
      "anticall": true,
      "status": 0,
      "autobio": false
    }
  },
  "others": {},
  "sticker": {},
  "anonymous": {}
}